"","accession","equal_to","unique_sampling_event","host","country","region","province","district","site","roost","N","E","collection_day","collection_month","collection_year","unique_sampling_event.1","isolate","length","region.1","PMID_1","PMID_2","PMID_3","dec_date","short_country","short_region","short_province","short_district","short_host","seq_name","sublineage","cluster"
"1","NC002728",NA,"","?Homo sapiens?","Malaysia","? ?","?","?",NA,NA,NA,NA,NA,NA,1999,"",NA,18246,"complete","19141449","11504554",10827955,1999.5,"MYS","?","?","?","?Human?","NC002728_1999.5_MYS_?_?Human?","II.A","II.A.1"
"2","KY887671","MT890719","","Homo sapiens","Bangladesh","?","?","?",NA,NA,NA,NA,NA,2,2014,"","NiV/BGD/Surface_Swab_Towel",364,"N","29260663",NA,NA,2014.1,"BGD","?","?","?","Human","KY887671_2014.1_BGD_?_Human","I.A","I.A.2"
"3","KY887670","MT890719","","Homo sapiens","Bangladesh","?","?","?",NA,NA,NA,NA,NA,2,2014,"","NiV/BGD/Human/2014",364,"N","29260663",NA,NA,2014.1,"BGD","?","?","?","Human","KY887670_2014.1_BGD_?_Human","I.A","I.A.2"
"4","KY425655","NC002728","","Homo sapiens","Malaysia","West Malaysia","Selangor","Kuala Lumpur",NA,NA,3.140853,101.693207,NA,NA,1999,"","IRF0158",18214,"complete","unpublished",NA,NA,1999.5,"MYS","WE","SE","KL","Human","KY425655_1999.5_MYS_WE_Human","II.A","II.A.1"
"5","KY425646","NC002728","x","Homo sapiens","Malaysia","West Malaysia","Selangor","Kuala Lumpur",NA,NA,3.140853,101.693207,NA,NA,1999,"x","IRF0160",18212,"complete","unpublished",NA,NA,1999.5,"MYS","WE","SE","KL","Human","KY425646_1999.5_MYS_WE_Human","II.A","II.A.1"
"6","FJ648082",NA,"x","Pteropus lylei","Thailand","Eastern Thailand","Chonburi","Wat Luang","Wat Luang","THA_WL_roost_1",13.50525,101.16525,1,5,2008,"x","U2918",357,"N","https://content.sciendo.com/view/journals/abm/7/6/article-p813.xml",NA,NA,2008.3,"THA","EA","CO","WL","P-lyl","FJ648082_2008.3_THA_EA_P-lyl","I.A","I.A.6"
"7","FJ648081","FJ648082","","Pteropus lylei","Thailand","Eastern Thailand","Chonburi","Wat Luang","Wat Luang","THA_WL_roost_1",13.50525,101.16525,1,5,2008,"","U2909",357,"N","https://content.sciendo.com/view/journals/abm/7/6/article-p813.xml",NA,NA,2008.3,"THA","EA","CO","WL","P-lyl","FJ648081_2008.3_THA_EA_P-lyl","I.A","I.A.6"
"8","FJ648080",NA,"","Pteropus lylei","Thailand","Eastern Thailand","Chonburi","Wat Luang","Wat Luang","THA_WL_roost_1",13.50525,101.16525,3,4,2008,"","U2905",357,"N","https://content.sciendo.com/view/journals/abm/7/6/article-p813.xml",NA,NA,2008.3,"THA","EA","CO","WL","P-lyl","FJ648080_2008.3_THA_EA_P-lyl","I.A","I.A.6"
"9","FJ648079","FJ648080","","Pteropus lylei","Thailand","Eastern Thailand","Chonburi","Wat Luang","Wat Luang","THA_WL_roost_1",13.50525,101.16525,3,4,2008,"","U2903",357,"N","https://content.sciendo.com/view/journals/abm/7/6/article-p813.xml",NA,NA,2008.3,"THA","EA","CO","WL","P-lyl","FJ648079_2008.3_THA_EA_P-lyl","I.A","I.A.6"
"10","FJ648078","FJ648082","","Pteropus lylei","Thailand","Eastern Thailand","Chonburi","Wat Luang","Wat Luang","THA_WL_roost_1",13.50525,101.16525,3,4,2008,"","U2878",357,"N","https://content.sciendo.com/view/journals/abm/7/6/article-p813.xml",NA,NA,2008.3,"THA","EA","CO","WL","P-lyl","FJ648078_2008.3_THA_EA_P-lyl","I.A","I.A.6"
"11","FJ648077",NA,"","Pteropus lylei","Thailand","Eastern Thailand","Chonburi","Wat Luang","Wat Luang","THA_WL_roost_1",13.50525,101.16525,3,4,2008,"","U2876",357,"N","https://content.sciendo.com/view/journals/abm/7/6/article-p813.xml",NA,NA,2008.3,"THA","EA","CO","WL","P-lyl","FJ648077_2008.3_THA_EA_P-lyl","I.A","I.A.5"
"12","FJ648076",NA,"x","Pteropus lylei","Thailand","Eastern Thailand","Chonburi","Wat Luang","Wat Luang","THA_WL_roost_1",13.50525,101.16525,NA,2,2004,"x","1248",357,"N","https://content.sciendo.com/view/journals/abm/7/6/article-p813.xml",NA,NA,2004.1,"THA","EA","CO","WL","P-lyl","FJ648076_2004.1_THA_EA_P-lyl","I.A","I.A.6"
"13","FJ648075","FJ648076","","Pteropus lylei","Thailand","Eastern Thailand","Chonburi","Wat Luang","Wat Luang","THA_WL_roost_1",13.50525,101.16525,NA,2,2004,"","1184",357,"N","https://content.sciendo.com/view/journals/abm/7/6/article-p813.xml",NA,NA,2004.1,"THA","EA","CO","WL","P-lyl","FJ648075_2004.1_THA_EA_P-lyl","I.A","I.A.6"
"14","FJ513081","FJ513078","","Homo sapiens","India","Eastern India","West Bengal","Nadia","Belechuapara",NA,23.85825,88.5662999,NA,4,2007,"","Ind-Nipah-07-3",159,"N","21529409",NA,NA,2007.2,"IND","EA","WB","WL","Human","FJ513081_2007.2_IND_EA_Human","I.A","I.A.1"
"15","FJ513080","FJ513078","","Homo sapiens","India","Eastern India","West Bengal","Nadia","Belechuapara",NA,23.85825,88.5662999,NA,4,2007,"","Ind-Nipah-07-2",159,"N","21529409",NA,NA,2007.2,"IND","EA","WB","WL","Human","FJ513080_2007.2_IND_EA_Human","I.A","I.A.1"
"16","FJ513079","FJ513078","","Homo sapiens","India","Eastern India","West Bengal","Nadia","Belechuapara",NA,23.85825,88.5662999,NA,4,2007,"","Ind-Nipah-07-1",158,"N","21529409",NA,NA,2007.2,"IND","EA","WB","WL","Human","FJ513079_2007.2_IND_EA_Human","I.A","I.A.1"
"17","DQ061858","FJ648076","","Pteropus lylei","Thailand","Eastern Thailand","Chonburi","Wat Luang","Wat Luang","THA_WL_roost_1",13.50525,101.16525,NA,2,2004,"","UP134",357,"N","https://content.sciendo.com/view/journals/abm/7/6/article-p813.xml",NA,NA,2004.1,"THA","EA","CO","WL","P-lyl","DQ061858_2004.1_THA_EA_P-lyl","I.A","I.A.6"
"18","DQ061857","FJ648076","","Pteropus lylei","Thailand","Eastern Thailand","Chonburi","Wat Luang","Wat Luang","THA_WL_roost_1",13.50525,101.16525,NA,2,2004,"","UP133",357,"N","https://content.sciendo.com/view/journals/abm/7/6/article-p813.xml",NA,NA,2004.1,"THA","EA","CO","WL","P-lyl","DQ061857_2004.1_THA_EA_P-lyl","I.A","I.A.6"
"19","DQ061856","FJ648076","","Pteropus lylei","Thailand","Eastern Thailand","Chonburi","Wat Luang","Wat Luang","THA_WL_roost_1",13.50525,101.16525,NA,2,2004,"","UP132",357,"N","https://content.sciendo.com/view/journals/abm/7/6/article-p813.xml",NA,NA,2004.1,"THA","EA","CO","WL","P-lyl","DQ061856_2004.1_THA_EA_P-lyl","I.A","I.A.6"
"20","DQ061855","FJ648076","","Pteropus lylei","Thailand","Eastern Thailand","Chonburi","Wat Luang","Wat Luang","THA_WL_roost_1",13.50525,101.16525,NA,2,2004,"","UP126",357,"N","https://content.sciendo.com/view/journals/abm/7/6/article-p813.xml",NA,NA,2004.1,"THA","EA","CO","WL","P-lyl","DQ061855_2004.1_THA_EA_P-lyl","I.A","I.A.6"
"21","DQ061854",NA,"x","Pteropus lylei","Thailand","Central Thailand","Bangkok","Ngongjok","Ngongjok","THA_NG_roost_1",13.855556,100.8625,NA,9,2003,"x","UP101",357,"N","https://content.sciendo.com/view/journals/abm/7/6/article-p813.xml",NA,NA,2003.7,"THA","CE","BA","NG","P-lyl","DQ061854_2003.7_THA_CE_P-lyl","I.A","I.A.6"
"22","DQ061853",NA,"x","Pteropus lylei","Thailand","Eastern Thailand","Chachoengsoa","Wat Pho","Wat Pho","THA_WP_roost_1",13.722306,101.201861,NA,1,2003,"x","UP61",357,"N","https://content.sciendo.com/view/journals/abm/7/6/article-p813.xml",NA,NA,2003,"THA","EA","CA","WP","P-lyl","DQ061853_2003_THA_EA_P-lyl","I.A","I.A.3"
"23","DQ061852","FJ648076","","Pteropus lylei","Thailand","Eastern Thailand","Chonburi","Wat Luang","Wat Luang","THA_WL_roost_1",13.50525,101.16525,NA,2,2004,"","SP126",357,"N","https://content.sciendo.com/view/journals/abm/7/6/article-p813.xml",NA,NA,2004.1,"THA","EA","CO","WL","P-lyl","DQ061852_2004.1_THA_EA_P-lyl","I.A","I.A.6"
"24","DQ061851",NA,"x","Hipposideros larvatus","Thailand","Eastern Thailand","Chonburi","Kram Island","Kram Island","THA_KI_roost_1",12.7,100.783333,NA,3,2002,"x","SP20",357,"N","https://content.sciendo.com/view/journals/abm/7/6/article-p813.xml",NA,NA,2002.2,"THA","EA","CO","KI","Hip-larv","DQ061851_2002.2_THA_EA_Hip-larv","II.A","II.A.1"
"25","EF070190",NA,"x","Pteropus lylei","Thailand","Eastern Thailand","Chonburi","Wat Luang","Wat Luang","THA_WL_roost_1",13.50525,101.16525,11,5,2005,"x","U53",357,"N","17184850",NA,NA,2005.4,"THA","EA","CO","WL","P-lyl","EF070190_2005.4_THA_EA_P-lyl","I.A","I.A.4"
"26","KT163257",NA,"x","Pteropus hypomelanus","Thailand","Southern Thailand","Phang Nga","?",NA,NA,8.4501,98.5255,NA,5,2011,"x","18254",357,"N","27016237",NA,NA,2011.3,"THA","SO","PN","?","P-hyp","KT163257_2011.3_THA_SO_P-hyp","II.A","II.A.2"
"27","KT163256",NA,"","Pteropus lylei","Thailand","Eastern Thailand","Chachoengsoa/Chonburi","?",NA,NA,NA,NA,NA,NA,2011,"","33654",1599,"N","27016237",NA,NA,2011.5,"THA","EA","?","?","P-lyl","KT163256_2011.5_THA_EA_P-lyl","I.A","I.A.5"
"28","KT163255",NA,"","Pteropus lylei","Thailand","Eastern Thailand","Chachoengsoa/Chonburi","?",NA,NA,NA,NA,NA,NA,2010,"","14653",1599,"N","27016237",NA,NA,2010.5,"THA","EA","?","?","P-lyl","KT163255_2010.5_THA_EA_P-lyl","I.A","I.A.5"
"29","KT163254",NA,"","Pteropus lylei","Thailand","Eastern Thailand","Chachoengsoa/Chonburi","?",NA,NA,NA,NA,NA,NA,2010,"","15553",1599,"N","27016237",NA,NA,2010.5,"THA","EA","?","?","P-lyl","KT163254_2010.5_THA_EA_P-lyl","I.A","I.A.5"
"30","KT163253",NA,"","Pteropus lylei","Thailand","Eastern Thailand","Chachoengsoa/Chonburi","?",NA,NA,NA,NA,NA,NA,2010,"","15053",1599,"N","27016237",NA,NA,2010.5,"THA","EA","?","?","P-lyl","KT163253_2010.5_THA_EA_P-lyl","I.A","I.A.5"
"31","KT163252",NA,"","Pteropus lylei","Thailand","Eastern Thailand","Chachoengsoa/Chonburi","?",NA,NA,NA,NA,NA,NA,2011,"","3054",1599,"N","27016237",NA,NA,2011.5,"THA","EA","?","?","P-lyl","KT163252_2011.5_THA_EA_P-lyl","I.A","I.A.5"
"32","KT163251",NA,"","Pteropus lylei","Thailand","Eastern Thailand","Chachoengsoa/Chonburi","?",NA,NA,NA,NA,NA,NA,2010,"","1054",1599,"N","27016237",NA,NA,2010.5,"THA","EA","?","?","P-lyl","KT163251_2010.5_THA_EA_P-lyl","I.A","I.A.5"
"33","KT163250",NA,"","Pteropus hypomelanus","Thailand","Southern Thailand","Phang Nga","?",NA,NA,8.4501,98.5255,NA,2,2011,"","8554",1599,"N","27016237",NA,NA,2011.1,"THA","SO","PN","?","P-hyp","KT163250_2011.1_THA_SO_P-hyp","II.A","II.A.3"
"34","KT163249",NA,"x","Pteropus hypomelanus","Thailand","Southern Thailand","Phang Nga","?",NA,NA,8.4501,98.5255,NA,4,2010,"x","1353",1599,"N","27016237",NA,NA,2010.2,"THA","SO","PN","?","P-hyp","KT163249_2010.2_THA_SO_P-hyp","II.A","II.A.3"
"35","KT163248",NA,"","Pteropus hypomelanus","Thailand","Southern Thailand","Phang Nga","?",NA,NA,8.4501,98.5255,NA,5,2011,"","16454",1599,"N","27016237",NA,NA,2011.3,"THA","SO","PN","?","P-hyp","KT163248_2011.3_THA_SO_P-hyp","II.A","II.A.3"
"36","KT163247",NA,"","Pteropus hypomelanus","Thailand","Southern Thailand","Phang Nga","?",NA,NA,8.4501,98.5255,NA,4,2010,"","1753",1599,"N","27016237",NA,NA,2010.2,"THA","SO","PN","?","P-hyp","KT163247_2010.2_THA_SO_P-hyp","II.A","II.A.3"
"37","KC903172",NA,"x","Pteropus vampyrus","Indonesia","Sumatra","North Sumatra","Deli Serdang",NA,NA,2.1154,99.5451,NA,5,2009,"x","PU20",251,"M","23894501",NA,NA,2009.3,"IDN","SU","NS","?","P-vamp","KC903172_2009.3_IDN_SU_P-vamp","II.A","II.A.3"
"38","KC903171","KC903172","","Pteropus vampyrus","Indonesia","Sumatra","North Sumatra","Deli Serdang",NA,NA,2.1154,99.5451,NA,5,2009,"","PU18",251,"M","23894501",NA,NA,2009.3,"IDN","SU","NS","?","P-vamp","KC903171_2009.3_IDN_SU_P-vamp","II.A","II.A.3"
"39","KC903170","KC903172","","Pteropus vampyrus","Indonesia","Sumatra","North Sumatra","Deli Serdang",NA,NA,2.1154,99.5451,NA,5,2009,"","DSK21",251,"M","23894501",NA,NA,2009.3,"IDN","SU","NS","?","P-vamp","KC903170_2009.3_IDN_SU_P-vamp","II.A","II.A.3"
"40","KC903169","KC903172","","Pteropus vampyrus","Indonesia","Sumatra","North Sumatra","Deli Serdang",NA,NA,2.1154,99.5451,NA,5,2009,"","PU21",251,"M","23894501",NA,NA,2009.3,"IDN","SU","NS","?","P-vamp","KC903169_2009.3_IDN_SU_P-vamp","II.A","II.A.3"
"41","KC903168","KC903172","","Pteropus vampyrus","Indonesia","Sumatra","North Sumatra","Deli Serdang",NA,NA,2.1154,99.5451,NA,5,2009,"","VU21",251,"M","23894501",NA,NA,2009.3,"IDN","SU","NS","?","P-vamp","KC903168_2009.3_IDN_SU_P-vamp","II.A","II.A.3"
"42","JF899339",NA,"x","Pteropus medius","India","Eastern India","West Bengal","Jalpaiguri","Myanaguri",NA,26.6835,88.7689,NA,NA,2010,"x",NA,1497,"N","22802440",NA,NA,2010.5,"IND","EA","WB","JA","P-med","JF899339_2010.5_IND_EA_P-med","I.A","I.A.7"
"43","EU624737",NA,"","Pteropus lylei","Thailand","Eastern Thailand","Chonburi","Wat Luang","Wat Luang",NA,13.50525,101.16525,16,2,2007,"","U2243",181,"N","19402762",NA,NA,2007.1,"THA","CE","?","?","P-lyl","EU624737_2007.1_THA_CE_P-lyl","II.A","II.A.2"
"44","EU624736",NA,"","Pteropus lylei","Thailand","Eastern Thailand","Chonburi","Wat Luang","Wat Luang",NA,13.50525,101.16525,16,2,2007,"","U2236",181,"N","19402762",NA,NA,2007.1,"THA","CE","?","?","P-lyl","EU624736_2007.1_THA_CE_P-lyl","II.A","II.A.2"
"45","EU624735","EU624736","","Pteropus lylei","Thailand","Eastern Thailand","Chonburi","Wat Luang","Wat Luang",NA,13.50525,101.16525,16,2,2007,"","U2228",181,"N","19402762",NA,NA,2007.1,"THA","CE","?","?","P-lyl","EU624735_2007.1_THA_CE_P-lyl","II.A","II.A.2"
"46","EU620498",NA,"x","Pteropus lylei","Thailand","Eastern Thailand","Chonburi","Wat Luang","Wat Luang ","THA_WL_roost_1",13.50525,101.16525,11,5,2006,"x","U1061",357,"N","19402762",NA,NA,2006.3,"THA","EA","CO","WL","P-lyl","EU620498_2006.3_THA_EA_P-lyl","II.A","II.A.2"
"47","EU603758",NA,"x","Pteropus lylei","Thailand","Eastern Thailand","Chonburi","Wat Luang","Wat Luang","THA_WL_roost_1",13.50525,101.16525,25,5,2007,"x","U2707",357,"N","19402762",NA,NA,2007.4,"THA","EA","CO","WL","P-lyl","EU603758_2007.4_THA_EA_P-lyl","I.A","I.A.6"
"48","EU603757","EU603758","x","Pteropus lylei","Thailand","Eastern Thailand","Chachoengsoa","Wat Pho","Wat Pho","THA_WP_roost_1",13.722306,101.201861,6,5,2007,"x","U2648",357,"N","19402762",NA,NA,2007.3,"THA","EA","CA","WP","P-lyl","EU603757_2007.3_THA_EA_P-lyl","I.A","I.A.6"
"49","EU603756","EU603758","","Pteropus lylei","Thailand","Eastern Thailand","Chachoengsoa","Wat Pho","Wat Pho","THA_WP_roost_1",13.722306,101.201861,6,5,2007,"","U2647",357,"N","19402762",NA,NA,2007.3,"THA","EA","CA","WP","P-lyl","EU603756_2007.3_THA_EA_P-lyl","I.A","I.A.6"
"50","EU603755","EU603758","","Pteropus lylei","Thailand","Eastern Thailand","Chonburi","Wat Luang","Wat Luang","THA_WL_roost_1",13.50525,101.16525,6,5,2007,"","U2611",357,"N","19402762",NA,NA,2007.3,"THA","EA","CO","WL","P-lyl","EU603755_2007.3_THA_EA_P-lyl","I.A","I.A.6"
"51","EU603754",NA,"","Pteropus lylei","Thailand","Eastern Thailand","Chonburi","Wat Luang","Wat Luang","THA_WL_roost_1",13.50525,101.16525,6,5,2007,"","U2597",357,"N","19402762",NA,NA,2007.3,"THA","EA","CO","WL","P-lyl","EU603754_2007.3_THA_EA_P-lyl","I.A","I.A.5"
"52","EU603753",NA,"x","Pteropus lylei","Thailand","Eastern Thailand","Chachoengsoa","Wat Pho","Wat Pho","THA_WP_roost_1",13.722306,101.201861,14,10,2006,"x","U1907",357,"N","19402762",NA,NA,2006.8,"THA","EA","CA","WP","P-lyl","EU603753_2006.8_THA_EA_P-lyl","I.A","I.A.4"
"53","EU603752",NA,"x","Taphozous","Thailand","Eastern Thailand","Sa Kaeo","Chakan","Chakan","THA_CK_roost_1",13.6444,102.0033,8,7,2006,"x","U1543",357,"N","19402762",NA,NA,2006.5,"THA","EA","SK","CK","Taph","EU603752_2006.5_THA_EA_Taph","II.A","II.A.2"
"54","EU603751","EU603758","","Pteropus lylei","Thailand","Eastern Thailand","Chonburi","Wat Luang","Wat Luang","THA_WL_roost_1",13.50525,101.16525,25,5,2007,"","U2705",357,"N","19402762",NA,NA,2007.4,"THA","EA","CO","WL","P-lyl","EU603751_2007.4_THA_EA_P-lyl","I.A","I.A.6"
"55","EU603750",NA,"","Pteropus lylei","Thailand","Eastern Thailand","Chachoengsoa","Wat Pho","Wat Pho","THA_WP_roost_1",13.722306,101.201861,9,6,2006,"","U1431",357,"N","19402762",NA,NA,2006.4,"THA","EA","CA","WP","P-lyl","EU603750_2006.4_THA_EA_P-lyl","I.A","I.A.9"
"56","EU603749",NA,"","Pteropus lylei","Thailand","Eastern Thailand","Chonburi","Wat Luang","Wat Luang","THA_WL_roost_1",13.50525,101.16525,9,6,2006,"","U1354",357,"N","19402762",NA,NA,2006.4,"THA","EA","CO","WL","P-lyl","EU603749_2006.4_THA_EA_P-lyl","II.A","II.A.2"
"57","EU603748","EU603753","x","Pteropus lylei","Thailand","Eastern Thailand","Prachinburi","Prachinburi","Prachinburi","THA_PB_roost_1",14.057306,101.350389,14,5,2006,"x","U1287",357,"N","19402762",NA,NA,2006.4,"THA","EA","PR","PR","P-lyl","EU603748_2006.4_THA_EA_P-lyl","I.A","I.A.4"
"58","EU603747","EU603753","","Pteropus lylei","Thailand","Eastern Thailand","Prachinburi","Prachinburi","Prachinburi","THA_PB_roost_1",14.057306,101.350389,14,5,2006,"","U1286",357,"N","19402762",NA,NA,2006.4,"THA","EA","PR","PR","P-lyl","EU603747_2006.4_THA_EA_P-lyl","I.A","I.A.4"
"59","EU603746","EU603753","","Pteropus lylei","Thailand","Eastern Thailand","Prachinburi","Prachinburi","Prachinburi","THA_PB_roost_1",14.057306,101.350389,14,5,2006,"","U1285",357,"N","19402762",NA,NA,2006.4,"THA","EA","PR","PR","P-lyl","EU603746_2006.4_THA_EA_P-lyl","I.A","I.A.4"
"60","EU603745","EU603753","x","Pteropus lylei","Thailand","Central Thailand","Saraburi","Saraburi","Wat Mongkolthiparam","THA_WM_roost_1",14.340667,100.868944,13,5,2006,"x","U1247",357,"N","19402762",NA,NA,2006.4,"THA","CE","SA","SA","P-lyl","EU603745_2006.4_THA_CE_P-lyl","I.A","I.A.4"
"61","EU603744","EU603753","","Pteropus lylei","Thailand","Central Thailand","Saraburi","Saraburi","Wat Mongkolthiparam","THA_WM_roost_1",14.340667,100.868944,13,5,2006,"","U1246",357,"N","19402762",NA,NA,2006.4,"THA","CE","SA","SA","P-lyl","EU603744_2006.4_THA_CE_P-lyl","I.A","I.A.4"
"62","EU603743","EU603753","","Pteropus lylei","Thailand","Central Thailand","Saraburi","Saraburi","Wat Mongkolthiparam","THA_WM_roost_1",14.340667,100.868944,13,5,2006,"","U1245",357,"N","19402762",NA,NA,2006.4,"THA","CE","SA","SA","P-lyl","EU603743_2006.4_THA_CE_P-lyl","I.A","I.A.4"
"63","EU603742",NA,"","Pteropus lylei","Thailand","Central Thailand","Saraburi","Saraburi","Wat Mongkolthiparam","THA_WM_roost_1",14.340667,100.868944,13,5,2006,"","U1244",357,"N","19402762",NA,NA,2006.4,"THA","CE","SA","SA","P-lyl","EU603742_2006.4_THA_CE_P-lyl","I.A","I.A.6"
"64","EU603741","EU603742","","Pteropus lylei","Thailand","Central Thailand","Saraburi","Saraburi","Wat Mongkolthiparam","THA_WM_roost_1",14.340667,100.868944,13,5,2006,"","U1243",357,"N","19402762",NA,NA,2006.4,"THA","CE","SA","SA","P-lyl","EU603741_2006.4_THA_CE_P-lyl","I.A","I.A.6"
"65","EU603740","EU603742","","Pteropus lylei","Thailand","Central Thailand","Saraburi","Saraburi","Wat Mongkolthiparam","THA_WM_roost_1",14.340667,100.868944,13,5,2006,"","U1242",357,"N","19402762",NA,NA,2006.4,"THA","CE","SA","SA","P-lyl","EU603740_2006.4_THA_CE_P-lyl","I.A","I.A.6"
"66","EU603739","EU603753","","Pteropus lylei","Thailand","Central Thailand","Saraburi","Saraburi","Wat Mongkolthiparam","THA_WM_roost_1",14.340667,100.868944,13,5,2006,"","U1235",357,"N","19402762",NA,NA,2006.4,"THA","CE","SA","SA","P-lyl","EU603739_2006.4_THA_CE_P-lyl","I.A","I.A.4"
"67","EU603738","EU603753","x","Pteropus lylei","Thailand","Central Thailand","Singburi","Singburi","Wat Kao Chang","THA_KC_roost_1",14.766444,100.446667,12,5,2006,"x","U1192",357,"N","19402762",NA,NA,2006.4,"THA","CE","SI","SI","P-lyl","EU603738_2006.4_THA_CE_P-lyl","I.A","I.A.4"
"68","EU603737","EU603753","","Pteropus lylei","Thailand","Central Thailand","Singburi","Singburi","Wat Kao Chang","THA_KC_roost_1",14.766444,100.446667,12,5,2006,"","U1191",357,"N","19402762",NA,NA,2006.4,"THA","CE","SI","SI","P-lyl","EU603737_2006.4_THA_CE_P-lyl","I.A","I.A.4"
"69","EU603736","EU603753","","Pteropus lylei","Thailand","Central Thailand","Singburi","Singburi","Wat Kao Chang","THA_KC_roost_1",14.766444,100.446667,12,5,2006,"","U1190",357,"N","19402762",NA,NA,2006.4,"THA","CE","SI","SI","P-lyl","EU603736_2006.4_THA_CE_P-lyl","I.A","I.A.4"
"70","EU603735",NA,"x","Pteropus lylei","Thailand","Central Thailand","Anthong","Anthong","Wat Chantaram","THA_WC_roost_1",14.670361,100.375611,12,5,2006,"x","U1149",357,"N","19402762",NA,NA,2006.4,"THA","CE","AN","AN","P-lyl","EU603735_2006.4_THA_CE_P-lyl","I.A","I.A.5"
"71","EU603734",NA,"","Pteropus lylei","Thailand","Eastern Thailand","Chonburi","Wat Luang","Wat Luang","THA_WL_roost_1",13.50525,101.16525,11,5,2006,"","U1056",357,"N","19402762",NA,NA,2006.4,"THA","EA","CO","WL","P-lyl","EU603734_2006.4_THA_EA_P-lyl","I.A","I.A.4"
"72","EU603733","EU603752","","Pteropus lylei","Thailand","Eastern Thailand","Chonburi","Wat Luang","Wat Luang","THA_WL_roost_1",13.50525,101.16525,11,5,2006,"","U1045",357,"N","19402762",NA,NA,2006.4,"THA","EA","CO","WL","P-lyl","EU603733_2006.4_THA_EA_P-lyl","II.A","II.A.2"
"73","EU603732","EU603753","x","Pteropus lylei","Thailand","Central Thailand","Ayuttaya","Ayuttaya","Wat Tha Sung","THA_WTS_roost_1",14.153694,100.504139,5,5,2006,"x","U986",357,"N","19402762",NA,NA,2006.3,"THA","CE","AY","AY","P-lyl","EU603732_2006.3_THA_CE_P-lyl","I.A","I.A.4"
"74","EU603731","EU603734","","Pteropus lylei","Thailand","Eastern Thailand","Chonburi","Wat Luang","Wat Luang","THA_WL_roost_1",13.50525,101.16525,6,4,2006,"","U842",357,"N","19402762",NA,NA,2006.3,"THA","EA","CO","WL","P-lyl","EU603731_2006.3_THA_EA_P-lyl","I.A","I.A.4"
"75","EU603730","EU603734","","Pteropus lylei","Thailand","Eastern Thailand","Chonburi","Wat Luang","Wat Luang","THA_WL_roost_1",13.50525,101.16525,6,4,2006,"","U841",357,"N","19402762",NA,NA,2006.3,"THA","EA","CO","WL","P-lyl","EU603730_2006.3_THA_EA_P-lyl","I.A","I.A.4"
"76","EU603729","EU603734","","Pteropus lylei","Thailand","Eastern Thailand","Chonburi","Wat Luang","Wat Luang","THA_WL_roost_1",13.50525,101.16525,6,4,2006,"","U840",357,"N","19402762",NA,NA,2006.3,"THA","EA","CO","WL","P-lyl","EU603729_2006.3_THA_EA_P-lyl","I.A","I.A.4"
"77","EU603728",NA,"","Pteropus lylei","Thailand","Eastern Thailand","Chachoengsoa","Wat Pho","Wat Pho","THA_WP_roost_1",13.722306,101.201861,10,5,2006,"","U823",357,"N","19402762",NA,NA,2006.4,"THA","EA","CA","WP","P-lyl","EU603728_2006.4_THA_EA_P-lyl","II.A","II.A.2"
"78","EU603727","EU603734","","Pteropus lylei","Thailand","Eastern Thailand","Chonburi","Wat Luang","Wat Luang","THA_WL_roost_1",13.50525,101.16525,11,5,2006,"","U1027",357,"N","19402762",NA,NA,2006.4,"THA","EA","CO","WL","P-lyl","EU603727_2006.4_THA_EA_P-lyl","I.A","I.A.4"
"79","EU603726",NA,"","Pteropus lylei","Thailand","Eastern Thailand","Chonburi","Wat Luang","Wat Luang","THA_WL_roost_1",13.50525,101.16525,13,1,2006,"","U561",357,"N","19402762",NA,NA,2006,"THA","EA","CO","WL","P-lyl","EU603726_2006_THA_EA_P-lyl","II.A","II.A.2"
"80","EU603725","EF070182","x","Pteropus lylei","Thailand","Eastern Thailand","Chachoengsoa","Wat Pho","Wat Pho","THA_WP_roost_1",13.722306,101.201861,14,12,2005,"x","U414",357,"N","19402762",NA,NA,2006,"THA","EA","CA","WP","P-lyl","EU603725_2006_THA_EA_P-lyl","II.A","II.A.2"
"81","EU603724","EF070190","","Pteropus lylei","Thailand","Eastern Thailand","Chonburi","Wat Luang","Wat Luang ","THA_WL_roost_1",13.50525,101.16525,12,6,2005,"","U72",357,"N","19402762",NA,NA,2005.4,"THA","EA","CO","WL","P-lyl","EU603724_2005.4_THA_EA_P-lyl","I.A","I.A.4"
"82","EF070189","EF070190","","Pteropus lylei","Thailand","Eastern Thailand","Chonburi","Wat Luang","Wat Luang","THA_WL_roost_1",13.50525,101.16525,11,5,2005,"","U48",357,"N","17184850",NA,NA,2005.4,"THA","EA","CO","WL","P-lyl","EF070189_2005.4_THA_EA_P-lyl","I.A","I.A.4"
"83","EF070188","EF070190","","Pteropus lylei","Thailand","Eastern Thailand","Chonburi","Wat Luang","Wat Luang","THA_WL_roost_1",13.50525,101.16525,11,5,2005,"","U47",357,"N","17184850",NA,NA,2005.4,"THA","EA","CO","WL","P-lyl","EF070188_2005.4_THA_EA_P-lyl","I.A","I.A.4"
"84","EF070187","EF070190","","Pteropus lylei","Thailand","Eastern Thailand","Chonburi","Wat Luang","Wat Luang","THA_WL_roost_1",13.50525,101.16525,11,5,2005,"","U35",357,"N","17184850",NA,NA,2005.4,"THA","EA","CO","WL","P-lyl","EF070187_2005.4_THA_EA_P-lyl","I.A","I.A.4"
"85","EF070186","EF070190","","Pteropus lylei","Thailand","Eastern Thailand","Chonburi","Wat Luang","Wat Luang","THA_WL_roost_1",13.50525,101.16525,11,5,2005,"","U27",357,"N","17184850",NA,NA,2005.4,"THA","EA","CO","WL","P-lyl","EF070186_2005.4_THA_EA_P-lyl","I.A","I.A.4"
"86","EF070185","EF070190","","Pteropus lylei","Thailand","Eastern Thailand","Chonburi","Wat Luang","Wat Luang","THA_WL_roost_1",13.50525,101.16525,11,5,2005,"","U24",357,"N","17184850",NA,NA,2005.4,"THA","EA","CO","WL","P-lyl","EF070185_2005.4_THA_EA_P-lyl","I.A","I.A.4"
"87","EF070184","EF070190","","Pteropus lylei","Thailand","Eastern Thailand","Chonburi","Wat Luang","Wat Luang","THA_WL_roost_1",13.50525,101.16525,10,5,2005,"","U14",357,"N","17184850",NA,NA,2005.4,"THA","EA","CO","WL","P-lyl","EF070184_2005.4_THA_EA_P-lyl","I.A","I.A.4"
"88","EF070183","EF070190","","Pteropus lylei","Thailand","Eastern Thailand","Chonburi","Wat Luang","Wat Luang","THA_WL_roost_1",13.50525,101.16525,10,5,2005,"","U8",357,"N","17184850",NA,NA,2005.4,"THA","EA","CO","WL","P-lyl","EF070183_2005.4_THA_EA_P-lyl","I.A","I.A.4"
"89","EF070182",NA,"","Pteropus lylei","Thailand","Eastern Thailand","Chonburi","Wat Luang","Wat Luang","THA_WL_roost_1",13.50525,101.16525,9,4,2005,"","U3",357,"N","17184850",NA,NA,2005.3,"THA","EA","CO","WL","P-lyl","EF070182_2005.3_THA_EA_P-lyl","II.A","II.A.2"
"90","JN808864",NA,"x","Homo sapiens","Bangladesh","Dhaka","Dhaka","Faridpur",NA,NA,23.5424,89.6309,2,3,2010,"x","NIVBGD2010FARIDPUR",18167,"complete","22304936",NA,NA,2010.2,"BGD","DH","DH","FA","Human","JN808864_2010.2_BGD_DH_Human","I.A","I.A.7"
"91","JN808863",NA,"x","Homo sapiens","Bangladesh","Dhaka","Dhaka","Rajbari",NA,NA,23.7151,89.5875,22,2,2008,"x","NIVBGD2008RAJBARI",18252,"complete","22304936",NA,NA,2008.1,"BGD","DH","DH","RA","Human","JN808863_2008.1_BGD_DH_Human","I.A","I.A.1"
"92","JN808857","JN808863","x","Homo sapiens","Bangladesh","Dhaka","Dhaka","Manikgonj",NA,NA,23.8617,90.0003,20,2,2008,"x","NIVBGD2008MANIKGONJ",18252,"complete","22304936",NA,NA,2008.1,"BGD","DH","DH","MN","Human","JN808857_2008.1_BGD_DH_Human","I.A","I.A.1"
"93","JN808860",NA,"x","Homo sapiens","Bangladesh","Dhaka","Dhaka","Gopalganj",NA,NA,23.0488,89.8879,19,2,2010,"x","NIVBGD2010GOPALGANJ",1599,"N","22304936",NA,NA,2010.1,"BGD","DH","DH","GO","Human","JN808860_2010.1_BGD_DH_Human","I.A","I.A.2"
"94","JN808859",NA,"","Homo sapiens","Bangladesh","Dhaka","Dhaka","Faridpur",NA,NA,23.5424,89.6309,9,1,2010,"","NIVBGD2010FARIDPUR2",1599,"N","22304936",NA,NA,2010,"BGD","DH","DH","FA","Human","JN808859_2010_BGD_DH_Human","I.A","I.A.1"
"95","FJ513078",NA,"x","Homo sapiens","India","Eastern India","West Bengal","Nadia","Belechuapara",NA,23.85825,88.5662999,NA,4,2007,"x","Ind-Nipah-07-FG",18252,"complete","21529409",NA,NA,2007.2,"IND","EA","WB","ND","Human","FJ513078_2007.2_IND_EA_Human","I.A","I.A.1"
"96","FN869553",NA,"","Pteropus vampyrus","Malaysia","? ?","?","?",NA,NA,NA,NA,NA,5,2005,"",NA,14973,"N,P,M,F,G,L","21122240",NA,NA,2005.3,"MYS","?","?","?","P-vamp","FN869553_2005.3_MYS_?_P-vamp","II.A","II.A.3"
"97","AY029767",NA,"","Homo sapiens","Malaysia","? ?","?","?",NA,NA,NA,NA,NA,NA,1999,"","UMMC1",18246,"complete","11514724",NA,NA,1999.5,"MYS","?","?","?","Human","AY029767_1999.5_MYS_?_Human","II.A","II.A.1"
"98","AY988601",NA,"x","Homo sapiens","Bangladesh","Dhaka","Dhaka","Rajbari",NA,NA,23.7151,89.5875,NA,NA,2004,"x","SPB200401066",18252,"complete","16318702",NA,NA,2004.5,"BGD","DH","DH","RA","Human","AY988601_2004.5_BGD_DH_Human","I.A","I.A.7"
"99","AF376747",NA,"x","Pteropus hypomelanus","Malaysia","West Malaysia","Pahang","Rompin","Tioman Island",NA,2.7945,103.4862,11,6,2000,"x",NA,11200,"N,V,P,C,M,F,G","11880045",NA,NA,2000.4,"MYS","WE","PA","RO","P-hyp","AF376747_2000.4_MYS_WE_P-hyp","II.A","II.A.1"
"100","AF212302",NA,"","Homo sapiens","Malaysia","? ?","?","?",NA,NA,NA,NA,NA,NA,1999,"",NA,18246,"complete","10827955",NA,NA,1999.5,"MYS","?","?","?","Human","AF212302_1999.5_MYS_?_Human","II.A","II.A.1"
"101","AF238466","NC002728","","Homo sapiens","Malaysia","? ?","?","?",NA,NA,NA,NA,NA,NA,1999,"",NA,4883,"F,G","10860887",NA,NA,1999.5,"MYS","?","?","?","Human","AF238466_1999.5_MYS_?_Human","II.A","II.A.1"
"102","AJ627196",NA,"","Sus scrofa","Malaysia","West Malaysia","Perak","Kinta","Tambun",NA,4.5981,101.0899,NA,NA,1999,"","NV/MY/99/VRI-0626",18246,"complete","unpublished",NA,NA,1999.5,"MYS","WE","PE","KT","Pig","AJ627196_1999.5_MYS_WE_Pig","II.A","II.A.2"
"103","AJ564623",NA,"","Homo sapiens","Malaysia","West Malaysia","Negeri Sembilan","Seremban","Seremban",NA,2.7229,101.9415,NA,NA,1999,"","NV/MY/99/UM-0128",18246,"complete","15663869",NA,NA,1999.5,"MYS","WE","NS","SE","Human","AJ564623_1999.5_MYS_WE_Human","II.A","II.A.1"
"104","AJ564622",NA,"","Sus scrofa","Malaysia","West Malaysia","Negeri Sembilan","Seremban","Seremban",NA,2.7229,101.9415,NA,NA,1999,"","NV/MY/99/VRI-1413",18246,"complete","15663869",NA,NA,1999.5,"MYS","WE","NS","SE","Pig","AJ564622_1999.5_MYS_WE_Pig","II.A","II.A.1"
"105","AJ564621",NA,"","Sus scrofa","Malaysia","West Malaysia","Selangor","Petaling","Sungai Buloh",NA,3.1846,101.536,NA,NA,1999,"","NV/MY/99/VRI-2794",18246,"complete","15663869",NA,NA,1999.5,"MYS","WE","SE","PE","Pig","AJ564621_1999.5_MYS_WE_Pig","II.A","II.A.1"
"106","MK575060",NA,"x","Pteropus medius","Bangladesh","Rajshahi","Rajshahi","Pabna",NA,"BGD_Pabna_roost_1_5",24.1585,89.4481,11,4,2013,"x","NiV/BD/BA/2013/Raypur1401",18252,"complete","30561301",NA,NA,2013.3,"BGD","RJ","RJ","PA","P-med","MK575060_2013.3_BGD_RJ_P-med","I.A","I.A.7"
"107","MK575061",NA,"","Pteropus medius","Bangladesh","Rajshahi","Rajshahi","Pabna",NA,"BGD_Pabna_roost_1_5",24.1585,89.4481,11,4,2013,"","NiV/BD/BA/2013/Raypur1402",18252,"complete","30561301",NA,NA,2013.3,"BGD","RJ","RJ","PA","P-med","MK575061_2013.3_BGD_RJ_P-med","I.A","I.A.7"
"108","MK575062",NA,"","Pteropus medius","Bangladesh","Rajshahi","Rajshahi","Pabna",NA,"BGD_Pabna_roost_1_5",24.1585,89.4481,11,4,2013,"","NiV/BD/BA/2013/Raypur1403",18252,"complete","30561301",NA,NA,2013.3,"BGD","RJ","RJ","PA","P-med","MK575062_2013.3_BGD_RJ_P-med","I.A","I.A.7"
"109","MK575063",NA,"","Pteropus medius","Bangladesh","Rajshahi","Rajshahi","Pabna",NA,"BGD_Pabna_roost_1_5",24.1585,89.4481,11,4,2013,"","NiV/BD/BA/2013/Raypur1404",18252,"complete","30561301",NA,NA,2013.3,"BGD","RJ","RJ","PA","P-med","MK575063_2013.3_BGD_RJ_P-med","I.A","I.A.7"
"110","MK575064",NA,"","Pteropus medius","Bangladesh","Rajshahi","Rajshahi","Pabna",NA,"BGD_Pabna_roost_1_5",24.1585,89.4481,11,4,2013,"","NiV/BD/BA/2013/Raypur1405",18252,"complete","30561301",NA,NA,2013.3,"BGD","RJ","RJ","PA","P-med","MK575064_2013.3_BGD_RJ_P-med","I.A","I.A.7"
"111","MK575065",NA,"","Pteropus medius","Bangladesh","Rajshahi","Rajshahi","Pabna",NA,"BGD_Pabna_roost_1_5",24.1585,89.4481,11,4,2013,"","NiV/BD/BA/2013/Raypur1406",18252,"complete","30561301",NA,NA,2013.3,"BGD","RJ","RJ","PA","P-med","MK575065_2013.3_BGD_RJ_P-med","I.A","I.A.7"
"112","MK575066",NA,"","Pteropus medius","Bangladesh","Rajshahi","Rajshahi","Pabna",NA,"BGD_Pabna_roost_1_5",24.1585,89.4481,11,4,2013,"","NiV/BD/BA/2013/Raypur1408",18252,"complete","30561301",NA,NA,2013.3,"BGD","RJ","RJ","PA","P-med","MK575066_2013.3_BGD_RJ_P-med","I.A","I.A.7"
"113","MK575067",NA,"","Pteropus medius","Bangladesh","Rajshahi","Rajshahi","Pabna",NA,"BGD_Pabna_roost_1_5",24.1585,89.4481,11,4,2013,"","NiV/BD/BA/2013/Raypur1409",18252,"complete","30561301",NA,NA,2013.3,"BGD","RJ","RJ","PA","P-med","MK575067_2013.3_BGD_RJ_P-med","I.A","I.A.7"
"114","MK575068",NA,"","Pteropus medius","Bangladesh","Rajshahi","Rajshahi","Pabna",NA,"BGD_Pabna_roost_1_5",24.1585,89.4481,11,4,2013,"","NiV/BD/BA/2013/Raypur1410",18252,"complete","30561301",NA,NA,2013.3,"BGD","RJ","RJ","PA","P-med","MK575068_2013.3_BGD_RJ_P-med","I.A","I.A.7"
"115","MK575069",NA,"","Pteropus medius","Bangladesh","Rajshahi","Rajshahi","Pabna",NA,"BGD_Pabna_roost_1_5",24.1585,89.4481,11,4,2013,"","NiV/BD/BA/2013/Raypur1411",18252,"complete","30561301",NA,NA,2013.3,"BGD","RJ","RJ","PA","P-med","MK575069_2013.3_BGD_RJ_P-med","I.A","I.A.7"
"116","MK575070",NA,"x","Pteropus medius","Bangladesh","Sylhet","Sylhet","Sylhet",NA,"BGD_Sylhet_roost_1",24.8993,91.87,6,1,2013,"x","NiV/BD/BA/2013/Sylhet191",18252,"complete","30561301",NA,NA,2013,"BGD","SY","SY","SY","P-med","MK575070_2013_BGD_SY_P-med","I.A","I.A.7"
"117","MT890728",NA,"x","Homo sapiens","Bangladesh","Rajshahi","Rajshahi","Joypurhat ","Joypurhat Sadar",NA,25.0947,89.0945,17,1,2012,"x","NiV/BGD/HU/2012/RS90412",1599,"N","33129964",NA,NA,2012,"BGD","RJ","RJ","JO","Human","MT890728_2012_BGD_RJ_Human","I.A","I.A.2"
"118","MT890729",NA,"","Homo sapiens","Bangladesh","Rajshahi","Rajshahi","Joypurhat ","Joypurhat Sadar",NA,25.0947,89.0945,17,1,2012,"","NiV/BGD/HU/2012/RS90612",1599,"N","33129964",NA,NA,2012,"BGD","RJ","RJ","JO","Human","MT890729_2012_BGD_RJ_Human","I.A","I.A.2"
"119","MT890711",NA,"x","Homo sapiens","Bangladesh","Rangpur","Rangpur","Kurigram","Fulbari",NA,25.8072,89.6295,26,1,2013,"x","NiV/BGD/HU/2013/RPP176613",1413,"N","33129964",NA,NA,2013.1,"BGD","RN","RN","KU","Human","MT890711_2013.1_BGD_RN_Human","I.A","I.A.1"
"120","MT890712",NA,"x","Homo sapiens","Bangladesh","Rangpur","Rangpur","Gaibandha","Polashbari",NA,25.3297,89.543,14,1,2013,"x","NiV/BGD/HU/2013/RPP175113",1914,"N","33129964",NA,NA,2013,"BGD","RN","RN","GA","Human","MT890712_2013_BGD_RN_Human","I.A","I.A.1"
"121","MT890714",NA,"x","Homo sapiens","Bangladesh","Rajshahi","Rajshahi","Naogoan","Bodolgachi",NA,24.9132,88.7531,19,1,2013,"x","NiV/BGD/HU/2013/RajP115713 ",1913,"N","33129964",NA,NA,2013,"BGD","RJ","RJ","NAO","Human","MT890714_2013_BGD_RJ_Human","I.A","I.A.1"
"122","MT890715",NA,"x","Homo sapiens","Bangladesh","Rangpur","Rangpur","Nilphamari","Sayedpur",NA,25.8483,88.9414,17,1,2013,"x","NiV/BGD/HU/2013/RPM175513",1891,"N","33129964",NA,NA,2013,"BGD","RN","RN","NI","Human","MT890715_2013_BGD_RN_Human","I.A","I.A.1"
"123","MT890719",NA,"","Homo sapiens","Bangladesh","Dhaka","Dhaka","Faridpur","Saltha",NA,23.5424,89.6309,31,1,2014,"","NiV/BGD/HU/2014/FP54114",1373,"N","33129964",NA,NA,2014.1,"BGD","DH","DH","FA","Human","MT890719_2014.1_BGD_DH_Human","I.A","I.A.2"
"124","MT890721",NA,"x","Homo sapiens","Bangladesh","Dhaka","Dhaka","Gopalganj","Mokshedpur",NA,23.0488,89.8879,18,2,2015,"x","NiV/BGD/HU/2015/FP086315",1565,"N","33129964",NA,NA,2015.1,"BGD","DH","DH","GO","Human","MT890721_2015.1_BGD_DH_Human","I.A","I.A.1"
"125","MT890723",NA,"","Homo sapiens","Bangladesh","Dhaka","Dhaka","Madaripur","Shibchar",NA,23.2393,90.187,7,3,2015,"","NiV/BGD/HU/2015/FP088315",1765,"N","33129964",NA,NA,2015.2,"BGD","DH","DH","MA","Human","MT890723_2015.2_BGD_DH_Human","I.A","I.A.1"
"126","MT890725",NA,"x","Homo sapiens","Bangladesh","Rajshahi","Rajshahi","Rajshahi","Bagha",NA,24.3733,88.6049,23,3,2015,"x","NiV/BGD/HU/2015/RS202615",1563,"N","33129964",NA,NA,2015.2,"BGD","RJ","RJ","RJ","Human","MT890725_2015.2_BGD_RJ_Human","I.A","I.A.1"
"127","MT890726",NA,"","Homo sapiens","Bangladesh","Dhaka","Dhaka","Madaripur","Shibchar",NA,23.2393,90.187,10,3,2015,"","NiV/BGD/HU/2015/FP088215",1392,"N","33129964","Diversity of NiV in Bangladesh",NA,2015.2,"BGD","DH","DH","MA","Human","MT890726_2015.2_BGD_DH_Human","I.A","I.A.1"
"128","MT890722",NA,"","Homo sapiens","Bangladesh","Rajshahi","Rajshahi","Naogoan","Manda",NA,24.9132,88.7531,15,1,2015,"","NiV/BGD/HU/2015/RS195315",1193,"N","33129964",NA,NA,2015,"BGD","RJ","RJ","NAO","Human","MT890722_2015_BGD_RJ_Human","I.A","I.A.7"
"129","MT890724",NA,"x","Homo sapiens","Bangladesh","Dhaka","Dhaka","Faridpur","Joykalidangi",NA,23.5424,89.6309,15,2,2017,"x","NiV/BGD/HU/2017/FP136517",1690,"N","33129964",NA,NA,2017.1,"BGD","DH","DH","FA","Human","MT890724_2017.1_BGD_DH_Human","I.A","I.A.1"
"130","MT890727",NA,"x","Homo sapiens","Bangladesh","Rajshahi","Rajshahi","Pabna","Uttar Raghobpur",NA,24.1585,89.4481,10,2,2017,"x","NiV/BGD/HU/2017/RS276817 ",1677,"N","33129964",NA,NA,2017.1,"BGD","RJ","RJ","PA","Human","MT890727_2017.1_BGD_RJ_Human","I.A","I.A.7"
"131","MT890730",NA,"x","Homo sapiens","Bangladesh","Dhaka","Dhaka","Faridpur",NA,NA,23.5424,89.6309,8,2,2018,"x","NiV/BGD/HU/2018/SQ00118",1599,"N","33129964",NA,NA,2018.5,"BGD","?","?","?","Human","MT890730_2018.5_BGD_?_Human","I.A","I.A.7"
"132","MT890731",NA,"x","Homo sapiens","Bangladesh","Rajshahi","Rajshahi","Rajshahi",NA,NA,24.3733,88.6049,3,4,2018,"x","NiV/BGD/HU/2018/RS337518",1599,"N","33129964",NA,NA,2018.5,"BGD","?","?","?","Human","MT890731_2018.5_BGD_?_Human","I.A","I.A.1"
"133","MT890720",NA,"","Homo sapiens","Bangladesh","Dhaka","Dhaka","Faridpur/Magura","Sadar",NA,23.5424,89.6309,14,1,2014,"","NiV/BGD/Human/FP51514/2014",1370,"N","33129964",NA,NA,2014,"BGD","DH","DH","FA","Human","MT890720_2014_BGD_DH_Human","I.A","I.A.1"
"134","MT890717",NA,"","Homo sapiens","Bangladesh","Dhaka","Dhaka","Faridpur","Saltha",NA,23.5424,89.6309,1,2,2014,"","NiV/BGD/Human/FP54214/2014",1745,"N","33129964",NA,NA,2014.1,"BGD","DH","DH","FA","Human","MT890717_2014.1_BGD_DH_Human","I.A","I.A.7"
"135","MT890716",NA,"","Homo sapiens","Bangladesh","Rangpur","Rangpur","Rangpur","Sadar",NA,25.7468,89.2508,14,1,2014,"","NiV/BGD/Human/RP210214/2014",1412,"N","33129964",NA,NA,2014,"BGD","RN","RN","RN","Human","MT890716_2014_BGD_RN_Human","I.A","I.A.1"
"136","MT890702",NA,"x","Pteropus medius","Bangladesh","Rajshahi","Rajshahi","Joypurhat",NA,"BGD_Joypurhat_roost_1",25.0947,89.0945,NA,NA,2012,"x","NiV/BGD/BA/2012/J 101",1892,"N","33129964",NA,NA,2012.5,"BGD","RJ","RJ","JO","P-med","MT890702_2012.5_BGD_RJ_P-med","I.A","I.A.2"
"137","MT890703",NA,"","Pteropus medius","Bangladesh","Rajshahi","Rajshahi","Joypurhat",NA,"BGD_Joypurhat_roost_1",25.0947,89.0945,NA,NA,2012,"","NiV/BGD/BA/2012/J 102",1822,"N","33129964",NA,NA,2012.5,"BGD","RJ","RJ","JO","P-med","MT890703_2012.5_BGD_RJ_P-med","I.A","I.A.2"
"138","MT890704",NA,"","Pteropus medius","Bangladesh","Rajshahi","Rajshahi","Joypurhat",NA,"BGD_Joypurhat_roost_1",25.0947,89.0945,NA,NA,2012,"","NiV/BGD/BA/2012/J 103",1413,"N","33129964",NA,NA,2012.5,"BGD","RJ","RJ","JO","P-med","MT890704_2012.5_BGD_RJ_P-med","I.A","I.A.2"
"139","MT890705",NA,"","Pteropus medius","Bangladesh","Rajshahi","Rajshahi","Joypurhat",NA,"BGD_Joypurhat_roost_1",25.0947,89.0945,NA,NA,2012,"","NiV/BGD/BA/2012/J 104",1834,"N","33129964",NA,NA,2012.5,"BGD","RJ","RJ","JO","P-med","MT890705_2012.5_BGD_RJ_P-med","I.A","I.A.2"
"140","MT890706",NA,"","Pteropus medius","Bangladesh","Rajshahi","Rajshahi","Joypurhat",NA,"BGD_Joypurhat_roost_1",25.0947,89.0945,NA,NA,2012,"","NiV/BGD/BA/2012/J 105",1413,"N","33129964",NA,NA,2012.5,"BGD","RJ","RJ","JO","P-med","MT890706_2012.5_BGD_RJ_P-med","I.A","I.A.2"
"141","MT890707",NA,"","Pteropus medius","Bangladesh","Rajshahi","Rajshahi","Joypurhat",NA,"BGD_Joypurhat_roost_1",25.0947,89.0945,NA,NA,2012,"","NiV/BGD/BA/2012/J 106",1515,"N","33129964",NA,NA,2012.5,"BGD","RJ","RJ","JO","P-med","MT890707_2012.5_BGD_RJ_P-med","I.A","I.A.2"
"142","MT890708",NA,"","Pteropus medius","Bangladesh","Rajshahi","Rajshahi","Joypurhat",NA,"BGD_Joypurhat_roost_1",25.0947,89.0945,NA,NA,2012,"","NiV/BGD/BA/2012/J 107",1821,"N","33129964",NA,NA,2012.5,"BGD","RJ","RJ","JO","P-med","MT890708_2012.5_BGD_RJ_P-med","I.A","I.A.2"
"143","MT890709",NA,"","Pteropus medius","Bangladesh","Rajshahi","Rajshahi","Joypurhat",NA,"BGD_Joypurhat_roost_1",25.0947,89.0945,NA,NA,2012,"","NiV/BGD/BA/2012/J 109",1192,"N","33129964",NA,NA,2012.5,"BGD","RJ","RJ","JO","P-med","MT890709_2012.5_BGD_RJ_P-med","I.A","I.A.7"
"144","MT890710",NA,"","Pteropus medius","Bangladesh","Rajshahi","Rajshahi","Joypurhat",NA,"BGD_Joypurhat_roost_1",25.0947,89.0945,NA,NA,2012,"","NiV/BGD/BA/2012/J 113",1398,"N","33129964",NA,NA,2012.5,"BGD","RJ","RJ","JO","P-med","MT890710_2012.5_BGD_RJ_P-med","I.A","I.A.1"
"145","OR762512",NA,"x","Pteropus lylei","Cambodia","Kandal","Kandal","Pichey Sakor","Wat Pichey Sakor","KHM_roost_1",11.19715,105.0599764,9,5,2014,"x",NA,1174,"N","KHM dataset",NA,NA,2014.4,"KHM","KA","KA","PS","P-lyl","OR762512_2014.4_KHM_KA_P-lyl","II.A","II.A.3"
"146","OR762513",NA,"","Pteropus lylei","Cambodia","Kandal","Kandal","Pichey Sakor","Wat Pichey Sakor","KHM_roost_1",11.19715,105.0599764,9,5,2014,"",NA,1124,"N","KHM dataset",NA,NA,2014.4,"KHM","KA","KA","PS","P-lyl","OR762513_2014.4_KHM_KA_P-lyl","II.A","II.A.3"
"147","OR762514",NA,"","Pteropus lylei","Cambodia","Kandal","Kandal","Pichey Sakor","Wat Pichey Sakor","KHM_roost_1",11.19715,105.0599764,26,11,2014,"",NA,1125,"N","KHM dataset",NA,NA,2014.9,"KHM","KA","KA","PS","P-lyl","OR762514_2014.9_KHM_KA_P-lyl","II.A","II.A.3"
"148","OR762515",NA,"x","Pteropus lylei","Cambodia","Kandal","Kandal","Pichey Sakor","Wat Pichey Sakor","KHM_roost_1",11.19715,105.0599764,31,1,2015,"x",NA,1171,"N","KHM dataset",NA,NA,2015.1,"KHM","KA","KA","PS","P-lyl","OR762515_2015.1_KHM_KA_P-lyl","I.A","I.A.5"
"149","OR762516","OR762520","","Pteropus lylei","Cambodia","Kandal","Kandal","Pichey Sakor","Wat Pichey Sakor","KHM_roost_1",11.19715,105.0599764,31,1,2015,"",NA,227,"N","KHM dataset",NA,NA,2015.1,"KHM","KA","KA","PS","P-lyl","OR762516_2015.1_KHM_KA_P-lyl","I.B","I.B.1"
"150","OR762517","OR762520","x","Pteropus lylei","Cambodia","Battambang","Battambang","Bay Damran","Wat Bay Dam Ram","KHM_roost_2",12.9623,103.1856,26,4,2015,"x",NA,228,"N","KHM dataset",NA,NA,2015.3,"KHM","BT","BT","BD","P-lyl","OR762517_2015.3_KHM_BT_P-lyl","I.B","I.B.1"
"151","OR762518",NA,"","Pteropus lylei","Cambodia","Battambang","Battambang","Bay Damran","Wat Bay Dam Ram","KHM_roost_2",12.9623,103.1856,26,4,2015,"",NA,153,"N","KHM dataset",NA,NA,2015.3,"KHM","BT","BT","BD","P-lyl","OR762518_2015.3_KHM_BT_P-lyl","I.B","I.B.1"
"152","OR762519",NA,"","Pteropus lylei","Cambodia","Battambang","Battambang","Bay Damran","Wat Bay Dam Ram","KHM_roost_2",12.9623,103.1856,26,4,2015,"",NA,1157,"N","KHM dataset",NA,NA,2015.3,"KHM","BT","BT","BD","P-lyl","OR762519_2015.3_KHM_BT_P-lyl","I.A","I.A.5"
"153","OR762520",NA,"","Pteropus lylei","Cambodia","Battambang","Battambang","Bay Damran","Wat Bay Dam Ram","KHM_roost_2",12.9623,103.1856,26,4,2015,"",NA,229,"N","KHM dataset",NA,NA,2015.3,"KHM","BT","BT","BD","P-lyl","OR762520_2015.3_KHM_BT_P-lyl","I.B","I.B.1"
"154","OR762521",NA,"","Pteropus lylei","Cambodia","Battambang","Battambang","Bay Damran","Wat Bay Dam Ram","KHM_roost_2",12.9623,103.1856,26,4,2015,"",NA,1159,"N","KHM dataset",NA,NA,2015.3,"KHM","BT","BT","BD","P-lyl","OR762521_2015.3_KHM_BT_P-lyl","I.A","I.A.5"
"155","OR762522",NA,"","Pteropus lylei","Cambodia","Battambang","Battambang","Bay Damran","Wat Bay Dam Ram","KHM_roost_2",12.9623,103.1856,26,4,2015,"",NA,1158,"N","KHM dataset",NA,NA,2015.3,"KHM","BT","BT","BD","P-lyl","OR762522_2015.3_KHM_BT_P-lyl","I.A","I.A.5"
"156","KM034754","KM034753","x","Pteropus lylei","Cambodia","Battambang","Battambang","Bay Damran","Wat Bay Dam Ram","KHM_roost_2",12.9623,103.1856,18,5,2013,"x",NA,227,"N","KHM dataset",NA,NA,2013.4,"KHM","BT","BT","BD","P-lyl","KM034754_2013.4_KHM_BT_P-lyl","I.B","I.B.1"
"157","OR762523",NA,"","Pteropus lylei","Cambodia","Battambang","Battambang","Bay Damran","Wat Bay Dam Ram","KHM_roost_2",12.9623,103.1856,18,5,2013,"",NA,1167,"N","KHM dataset",NA,NA,2013.4,"KHM","BT","BT","BD","P-lyl","OR762523_2013.4_KHM_BT_P-lyl","I.A","I.A.5"
"158","OR762524","OR762529","","Pteropus lylei","Cambodia","Kandal","Kandal","Pichey Sakor","Wat Pichey Sakor","KHM_roost_1",11.19715,105.0599764,5,3,2015,"",NA,1163,"N","KHM dataset",NA,NA,2015.2,"KHM","KA","KA","PS","P-lyl","OR762524_2015.2_KHM_KA_P-lyl","I.A","I.A.5"
"159","OR762525",NA,"","Pteropus lylei","Cambodia","Kandal","Kandal","Pichey Sakor","Wat Pichey Sakor","KHM_roost_1",11.19715,105.0599764,5,3,2015,"",NA,1980,"N","KHM dataset",NA,NA,2015.2,"KHM","KA","KA","PS","P-lyl","OR762525_2015.2_KHM_KA_P-lyl","I.A","I.A.5"
"160","OR762526","OR762527","","Pteropus lylei","Cambodia","Kandal","Kandal","Pichey Sakor","Wat Pichey Sakor","KHM_roost_1",11.19715,105.0599764,21,10,2015,"",NA,742,"N","KHM dataset",NA,NA,2015.8,"KHM","KA","KA","PS","P-lyl","OR762526_2015.8_KHM_KA_P-lyl","II.A","II.A.3"
"161","OR762527",NA,"","Pteropus lylei","Cambodia","Kandal","Kandal","Pichey Sakor","Wat Pichey Sakor","KHM_roost_1",11.19715,105.0599764,21,10,2015,"",NA,1152,"N","KHM dataset",NA,NA,2015.8,"KHM","KA","KA","PS","P-lyl","OR762527_2015.8_KHM_KA_P-lyl","II.A","II.A.3"
"162","OR762528","OR762529","","Pteropus lylei","Cambodia","Kandal","Kandal","Pichey Sakor","Wat Pichey Sakor","KHM_roost_1",11.19715,105.0599764,5,3,2015,"",NA,1979,"N","KHM dataset",NA,NA,2015.2,"KHM","KA","KA","PS","P-lyl","OR762528_2015.2_KHM_KA_P-lyl","I.A","I.A.5"
"163","OR762529",NA,"","Pteropus lylei","Cambodia","Kandal","Kandal","Pichey Sakor","Wat Pichey Sakor","KHM_roost_1",11.19715,105.0599764,5,3,2015,"",NA,2807,"N","KHM dataset",NA,NA,2015.2,"KHM","KA","KA","PS","P-lyl","OR762529_2015.2_KHM_KA_P-lyl","I.A","I.A.5"
"164","OR762530","OR762529","","Pteropus lylei","Cambodia","Kandal","Kandal","Pichey Sakor","Wat Pichey Sakor","KHM_roost_1",11.19715,105.0599764,5,3,2015,"",NA,1172,"N","KHM dataset",NA,NA,2015.2,"KHM","KA","KA","PS","P-lyl","OR762530_2015.2_KHM_KA_P-lyl","I.A","I.A.5"
"165","OR762531","OR762529","","Pteropus lylei","Cambodia","Kandal","Kandal","Pichey Sakor","Wat Pichey Sakor","KHM_roost_1",11.19715,105.0599764,5,3,2015,"",NA,1163,"N","KHM dataset",NA,NA,2015.2,"KHM","KA","KA","PS","P-lyl","OR762531_2015.2_KHM_KA_P-lyl","I.A","I.A.5"
"166","OR762532","OR762529","","Pteropus lylei","Cambodia","Kandal","Kandal","Pichey Sakor","Wat Pichey Sakor","KHM_roost_1",11.19715,105.0599764,5,3,2015,"",NA,1171,"N","KHM dataset",NA,NA,2015.2,"KHM","KA","KA","PS","P-lyl","OR762532_2015.2_KHM_KA_P-lyl","I.A","I.A.5"
"167","OR762533","OR762529","","Pteropus lylei","Cambodia","Kandal","Kandal","Pichey Sakor","Wat Pichey Sakor","KHM_roost_1",11.19715,105.0599764,5,3,2015,"",NA,1145,"N","KHM dataset",NA,NA,2015.2,"KHM","KA","KA","PS","P-lyl","OR762533_2015.2_KHM_KA_P-lyl","I.A","I.A.5"
"168","OR762534","OR762529","","Pteropus lylei","Cambodia","Kandal","Kandal","Pichey Sakor","Wat Pichey Sakor","KHM_roost_1",11.19715,105.0599764,21,5,2015,"",NA,1171,"N","KHM dataset",NA,NA,2015.4,"KHM","KA","KA","PS","P-lyl","OR762534_2015.4_KHM_KA_P-lyl","I.A","I.A.5"
"169","OR762535",NA,"","Pteropus lylei","Cambodia","Kandal","Kandal","Pichey Sakor","Wat Pichey Sakor","KHM_roost_1",11.19715,105.0599764,21,5,2015,"",NA,1140,"N","KHM dataset",NA,NA,2015.4,"KHM","KA","KA","PS","P-lyl","OR762535_2015.4_KHM_KA_P-lyl","I.A","I.A.5"
"170","OR762536","OR762529","","Pteropus lylei","Cambodia","Kandal","Kandal","Pichey Sakor","Wat Pichey Sakor","KHM_roost_1",11.19715,105.0599764,4,6,2015,"",NA,1159,"N","KHM dataset",NA,NA,2015.4,"KHM","KA","KA","PS","P-lyl","OR762536_2015.4_KHM_KA_P-lyl","I.A","I.A.5"
"171","OR762537",NA,"x","Pteropus lylei","Cambodia","Kandal","Kandal","Pichey Sakor","Wat Pichey Sakor","KHM_roost_1",11.19715,105.0599764,12,5,2013,"x",NA,225,"N","KHM dataset",NA,NA,2013.4,"KHM","KA","KA","PS","P-lyl","OR762537_2013.4_KHM_KA_P-lyl","I.B","I.B.1"
"172","KM034753",NA,"","Pteropus lylei","Cambodia","Kandal","Kandal","Pichey Sakor","Wat Pichey Sakor","KHM_roost_1",11.19715,105.0599764,12,5,2013,"",NA,227,"N","KHM dataset",NA,NA,2013.4,"KHM","KA","KA","PS","P-lyl","KM034753_2013.4_KHM_KA_P-lyl","I.B","I.B.1"
"173","KM034755",NA,"","Pteropus lylei","Cambodia","Kandal","Kandal","Pichey Sakor","Wat Pichey Sakor","KHM_roost_1",11.19715,105.0599764,12,5,2013,"",NA,1599,"N","KHM dataset",NA,NA,2013.4,"KHM","KA","KA","PS","P-lyl","KM034755_2013.4_KHM_KA_P-lyl","II.A","II.A.3"
"174","MK995302",NA,"x","Pteropus medius","Bangladesh","Dhaka","Dhaka","Faridpur",NA,NA,23.5424,89.6309,NA,6,2010,"x","25Urine",224,"N","31652377",NA,NA,2010.4,"BGD","DH","DH","FA","P-med","MK995302_2010.4_BGD_DH_P-med","I.B","I.B.1"
"175","MK995301",NA,"x","Pteropus medius","Bangladesh","Dhaka","Dhaka","Rajbari",NA,NA,23.7151,89.5875,NA,1,2006,"x","1290676TS",224,"N","31652377",NA,NA,2006,"BGD","DH","DH","RA","P-med","MK995301_2006_BGD_DH_P-med","I.B","I.B.2"
"176","MK995300","MK995301","","Pteropus medius","Bangladesh","Dhaka","Dhaka","Rajbari",NA,NA,23.7151,89.5875,NA,1,2006,"","1290659TS",224,"N","31652377",NA,NA,2006,"BGD","DH","DH","RA","P-med","MK995300_2006_BGD_DH_P-med","I.B","I.B.2"
"177","MK995299","MK995301","","Pteropus medius","Bangladesh","Dhaka","Dhaka","Rajbari",NA,NA,23.7151,89.5875,NA,1,2006,"","1290629RS",224,"N","31652377",NA,NA,2006,"BGD","DH","DH","RA","P-med","MK995299_2006_BGD_DH_P-med","I.B","I.B.2"
"178","MK995298",NA,"x","Pteropus medius","Bangladesh","Dhaka","Dhaka","Faridpur",NA,NA,23.5424,89.6309,NA,2,2009,"x","21U",224,"N","31652377",NA,NA,2009.1,"BGD","DH","DH","FA","P-med","MK995298_2009.1_BGD_DH_P-med","I.B","I.B.2"
"179","MK995295",NA,"","Pteropus medius","Bangladesh","Dhaka","Dhaka","Faridpur",NA,NA,23.5424,89.6309,NA,2,2010,"","17_RU",224,"N","31652377",NA,NA,2010.1,"BGD","DH","DH","FA","P-med","MK995295_2010.1_BGD_DH_P-med","I.B","I.B.2"
"180","MK995294",NA,"","Pteropus medius","Bangladesh","Rajshahi","Rajshahi","Joypurhat",NA,NA,25.0947,89.0945,NA,1,2012,"","4417_RU",224,"N","31652377",NA,NA,2012,"BGD","RJ","RJ","JO","P-med","MK995294_2012_BGD_RJ_P-med","I.A","I.A.7"
"181","MK995293","MK995294","","Pteropus medius","Bangladesh","Rajshahi","Rajshahi","Joypurhat",NA,NA,25.0947,89.0945,NA,1,2012,"","4416_RU",224,"N","31652377",NA,NA,2012,"BGD","RJ","RJ","JO","P-med","MK995293_2012_BGD_RJ_P-med","I.A","I.A.7"
"182","MK995292","MK995295","","Pteropus medius","Bangladesh","Dhaka","Dhaka","Faridpur",NA,NA,23.5424,89.6309,NA,2,2010,"","18RU",224,"N","31652377",NA,NA,2010.1,"BGD","DH","DH","FA","P-med","MK995292_2010.1_BGD_DH_P-med","I.B","I.B.2"
"183","MK995291",NA,"x","Pteropus medius","Bangladesh","Dhaka","Dhaka","Rajbari",NA,NA,23.7151,89.5875,NA,1,2011,"x","4664_RU",224,"N","31652377",NA,NA,2011,"BGD","DH","DH","RA","P-med","MK995291_2011_BGD_DH_P-med","I.A","I.A.1"
"184","MK995290","MK995291","x","Pteropus medius","Bangladesh","Dhaka","Dhaka","Faridpur",NA,NA,23.5424,89.6309,NA,5,2011,"x","4736_U",224,"N","31652377",NA,NA,2011.3,"BGD","DH","DH","FA","P-med","MK995290_2011.3_BGD_DH_P-med","I.A","I.A.1"
"185","MK995289",NA,"","Pteropus medius","Bangladesh","Dhaka","Dhaka","Faridpur",NA,NA,23.5424,89.6309,NA,11,2009,"","55U",224,"N","31652377",NA,NA,2009.8,"BGD","DH","DH","FA","P-med","MK995289_2009.8_BGD_DH_P-med","I.B","I.B.2"
"186","MK995288","MK995289","","Pteropus medius","Bangladesh","Dhaka","Dhaka","Faridpur",NA,NA,23.5424,89.6309,NA,5,2009,"","87U",224,"N","31652377",NA,NA,2009.3,"BGD","DH","DH","FA","P-med","MK995288_2009.3_BGD_DH_P-med","I.B","I.B.2"
"187","MK995287",NA,"","Pteropus medius","Bangladesh","Dhaka","Dhaka","Faridpur",NA,NA,23.5424,89.6309,NA,5,2009,"","58U",224,"N","31652377",NA,NA,2009.3,"BGD","DH","DH","FA","P-med","MK995287_2009.3_BGD_DH_P-med","I.B","I.B.1"
"188","MK995286",NA,"","Pteropus medius","Bangladesh","Dhaka","Dhaka","Faridpur",NA,NA,23.5424,89.6309,NA,6,2010,"","32US",224,"N","31652377",NA,NA,2010.4,"BGD","DH","DH","FA","P-med","MK995286_2010.4_BGD_DH_P-med","I.B","I.B.2"
"189","MK995285","MK995295","","Pteropus medius","Bangladesh","Dhaka","Dhaka","Faridpur",NA,NA,23.5424,89.6309,NA,6,2010,"","26U",224,"N","31652377",NA,NA,2010.4,"BGD","DH","DH","FA","P-med","MK995285_2010.4_BGD_DH_P-med","I.B","I.B.2"
"190","MK995284",NA,"","Pteropus medius","Bangladesh","Dhaka","Dhaka","Faridpur",NA,NA,23.5424,89.6309,NA,2,2010,"","16_RU",224,"N","31652377",NA,NA,2010.1,"BGD","DH","DH","FA","P-med","MK995284_2010.1_BGD_DH_P-med","I.B","I.B.2"
"191","MK801755",NA,"x","Pteropus lylei","Cambodia","Battambang","Battambang","Bay Damran",NA,NA,12.9623,103.1856,23,4,2004,"x","CSUR381",18246,"complete",NA,NA,NA,2004.3,"KHM","BT","BT","BD","P-lyl","MK801755_2004.3_KHM_BT_P-lyl","II.B","II.B"
"192","MH423324","MH523642","","Homo sapiens","India","South India","Kerala","Kozhikode",NA,NA,11.2588,75.7804,17,5,2008,"",NA,1491,"N",NA,NA,NA,2008.4,"IND","SO","KE","KO","Human","MH423324_2008.4_IND_SO_Human","I.A","I.A.8"
"193","MH423323","MH523642","","Homo sapiens","India","South India","Kerala","Kozhikode",NA,NA,11.2588,75.7804,17,5,2008,"",NA,1491,"N",NA,NA,NA,2008.4,"IND","SO","KE","KO","Human","MH423323_2008.4_IND_SO_Human","I.A","I.A.8"
"194","MH523645",NA,"x","Pteropus medius","India","South India","Kerala","Kozhikode",NA,NA,11.2588,75.7804,31,5,2008,"x",NA,619,"N",NA,NA,NA,2008.4,"IND","SO","KE","KO","P-med","MH523645_2008.4_IND_SO_P-med","I.A","I.A.8"
"195","MH523644",NA,"","Pteropus medius","India","South India","Kerala","Kozhikode",NA,NA,11.2588,75.7804,5,6,2008,"",NA,369,"N",NA,NA,NA,2008.4,"IND","SO","KE","KO","P-med","MH523644_2008.4_IND_SO_P-med","I.A","I.A.8"
"196","MH523643",NA,"","Pteropus medius","India","South India","Kerala","Kozhikode",NA,NA,11.2588,75.7804,31,5,2008,"",NA,364,"N",NA,NA,NA,2008.4,"IND","SO","KE","KO","P-med","MH523643_2008.4_IND_SO_P-med","I.A","I.A.8"
"197","MH523642",NA,"x","Homo sapiens","India","South India","Kerala","Kozhikode",NA,NA,11.2588,75.7804,17,5,2008,"x","Nipah virus",18242,"complete",NA,NA,NA,2008.4,"IND","SO","KE","KO","Human","MH523642_2008.4_IND_SO_Human","I.A","I.A.8"
"198","MH523641",NA,"","Homo sapiens","India","South India","Kerala","Kozhikode",NA,NA,11.2588,75.7804,21,5,2008,"",NA,18027,"complete",NA,NA,NA,2008.4,"IND","SO","KE","KO","Human","MH523641_2008.4_IND_SO_Human","I.A","I.A.8"
"199","MH523640",NA,"","Homo sapiens","India","South India","Kerala","Kozhikode",NA,NA,11.2588,75.7804,17,5,2008,"",NA,18132,"complete",NA,NA,NA,2008.4,"IND","SO","KE","KO","Human","MH523640_2008.4_IND_SO_Human","I.A","I.A.8"
"200","MH891773",NA,"x","Homo sapiens","India","South India","Kerala","Kozhikode",NA,NA,11.2588,75.7804,NA,5,2018,"x","MCVRAJ1236/2018",8195,"N","30364984",NA,NA,2018.3,"IND","SO","KE","KO","Human","MH891773_2018.3_IND_SO_Human","I.A","I.A.8"
"201","MH396625",NA,"","Homo sapiens","India","South India","Kerala","Kozhikode",NA,NA,11.2588,75.7804,NA,5,2018,"","MCL-18-H-1088",18210,"complete","unpublished",NA,NA,2018.3,"IND","SO","KE","KO","Human","MH396625_2018.3_IND_SO_Human","I.A","I.A.8"
"202","MF133375","MT890716","","Homo sapiens","Bangladesh","?","?","?",NA,NA,NA,NA,NA,2,2014,"","NiV/BGD/Swab_Towel/203001/2014",318,"N","29260663",NA,NA,2014.1,"BGD","?","?","?","Human","MF133375_2014.1_BGD_?_Human","I.A","I.A.1"
"203","MW535746",NA,"x","Pteropus lylei","Thailand","Eastern Thailand","Chonburi","Wat Luang","Wat Luang","THA_WL_roost_1",13.50525,101.16525,21,5,2017,"x","NiV/TH/P.lylei/2017/B17640.GUL",18236,"complete","34218820",NA,NA,2017.4,"THA","EA","CO","WL","P-lyl","MW535746_2017.4_THA_EA_P-lyl","I.A","I.A.5"
"204","MW573860",NA,"x","Pteropus lylei","Thailand","Eastern Thailand","Chonburi","Wat Luang","Wat Luang","THA_WL_roost_1",13.50525,101.16525,9,4,2009,"x","2982",357,"N","34218820",NA,NA,2009.3,"THA","EA","CO","WL","P-lyl","MW573860_2009.3_THA_EA_P-lyl","I.A","I.A.4"
"205","MW573861","MW573860","","Pteropus lylei","Thailand","Eastern Thailand","Chonburi","Wat Luang","Wat Luang","THA_WL_roost_1",13.50525,101.16525,10,5,2009,"","3276",357,"N","34218820",NA,NA,2009.4,"THA","EA","CO","WL","P-lyl","MW573861_2009.4_THA_EA_P-lyl","I.A","I.A.4"
"206","MW573862",NA,"x","Pteropus lylei","Thailand","Eastern Thailand","Chonburi","Wat Luang","Wat Luang","THA_WL_roost_1",13.50525,101.16525,22,4,2012,"x","55",357,"N","34218820",NA,NA,2012.3,"THA","EA","CO","WL","P-lyl","MW573862_2012.3_THA_EA_P-lyl","I.A","I.A.4"
"207","MW573863",NA,"","Pteropus lylei","Thailand","Eastern Thailand","Chonburi","Wat Luang","Wat Luang","THA_WL_roost_1",13.50525,101.16525,28,4,2012,"","161",357,"N","34218820",NA,NA,2012.3,"THA","EA","CO","WL","P-lyl","MW573863_2012.3_THA_EA_P-lyl","I.A","I.A.4"
"208","MW573864",NA,"","Pteropus lylei","Thailand","Eastern Thailand","Chonburi","Wat Luang","Wat Luang","THA_WL_roost_1",13.50525,101.16525,28,4,2012,"","184",357,"N","34218820",NA,NA,2012.3,"THA","EA","CO","WL","P-lyl","MW573864_2012.3_THA_EA_P-lyl","I.A","I.A.4"
"209","MW573865",NA,"x","Pteropus lylei","Thailand","Eastern Thailand","Chonburi","Wat Luang","Wat Luang","THA_WL_roost_1",13.50525,101.16525,24,5,2016,"x","B16P01.31",357,"N","34218820",NA,NA,2016.4,"THA","EA","CO","WL","P-lyl","MW573865_2016.4_THA_EA_P-lyl","I.A","I.A.4"
"210","MW573866","MW573865","","Pteropus lylei","Thailand","Eastern Thailand","Chonburi","Wat Luang","Wat Luang","THA_WL_roost_1",13.50525,101.16525,24,5,2016,"","B16P01.32",357,"N","34218820",NA,NA,2016.4,"THA","EA","CO","WL","P-lyl","MW573866_2016.4_THA_EA_P-lyl","I.A","I.A.4"
"211","MW573867",NA,"","Pteropus lylei","Thailand","Eastern Thailand","Chonburi","Wat Luang","Wat Luang","THA_WL_roost_1",13.50525,101.16525,20,5,2017,"","B17602.GUL",357,"N","34218820",NA,NA,2017.4,"THA","EA","CO","WL","P-lyl","MW573867_2017.4_THA_EA_P-lyl","I.A","I.A.4"
"212","MW573868",NA,"","Pteropus lylei","Thailand","Eastern Thailand","Chonburi","Wat Luang","Wat Luang","THA_WL_roost_1",13.50525,101.16525,20,5,2017,"","B17606.GUL",357,"N","34218820",NA,NA,2017.4,"THA","EA","CO","WL","P-lyl","MW573868_2017.4_THA_EA_P-lyl","I.A","I.A.4"
"213","MW573869",NA,"","Pteropus lylei","Thailand","Eastern Thailand","Chonburi","Wat Luang","Wat Luang","THA_WL_roost_1",13.50525,101.16525,20,5,2017,"","B17640.GUL",357,"N","34218820",NA,NA,2017.4,"THA","EA","CO","WL","P-lyl","MW573869_2017.4_THA_EA_P-lyl","I.A","I.A.4"
"214","MW573870","MW573869","","Pteropus lylei","Thailand","Eastern Thailand","Chonburi","Wat Luang","Wat Luang","THA_WL_roost_1",13.50525,101.16525,20,5,2017,"","B17641.GUL",357,"N","34218820",NA,NA,2017.4,"THA","EA","CO","WL","P-lyl","MW573870_2017.4_THA_EA_P-lyl","I.A","I.A.4"
"215","MW573871",NA,"x","Pteropus lylei","Thailand","Eastern Thailand","Chonburi","Wat Luang","Wat Luang","THA_WL_roost_1",13.50525,101.16525,12,5,2018,"x","B18018.URV",357,"N","34218820",NA,NA,2018.4,"THA","EA","CO","WL","P-lyl","MW573871_2018.4_THA_EA_P-lyl","I.A","I.A.4"
"216","MW573872","MW573871","","Pteropus lylei","Thailand","Eastern Thailand","Chonburi","Wat Luang","Wat Luang","THA_WL_roost_1",13.50525,101.16525,12,5,2018,"","B18019.URV",357,"N","34218820",NA,NA,2018.4,"THA","EA","CO","WL","P-lyl","MW573872_2018.4_THA_EA_P-lyl","I.A","I.A.4"
"217","MW573873",NA,"","Pteropus lylei","Thailand","Eastern Thailand","Chonburi","Wat Luang","Wat Luang","THA_WL_roost_1",13.50525,101.16525,12,5,2018,"","B18036.URV",357,"N","34218820",NA,NA,2018.4,"THA","EA","CO","WL","P-lyl","MW573873_2018.4_THA_EA_P-lyl","I.A","I.A.4"
"218","MW573874","MW573873","","Pteropus lylei","Thailand","Eastern Thailand","Chonburi","Wat Luang","Wat Luang","THA_WL_roost_1",13.50525,101.16525,12,5,2018,"","B18053.URV",357,"N","34218820",NA,NA,2018.4,"THA","EA","CO","WL","P-lyl","MW573874_2018.4_THA_EA_P-lyl","I.A","I.A.4"
"219","MW573875",NA,"","Pteropus lylei","Thailand","Eastern Thailand","Chonburi","Wat Luang","Wat Luang","THA_WL_roost_1",13.50525,101.16525,12,5,2018,"","B18055.URV",357,"N","34218820",NA,NA,2018.4,"THA","EA","CO","WL","P-lyl","MW573875_2018.4_THA_EA_P-lyl","I.A","I.A.4"
"220","MW573876",NA,"x","Pteropus lylei","Thailand","Eastern Thailand","Chonburi","Wat Luang","Wat Luang","THA_WL_roost_1",13.50525,101.16525,27,4,2019,"x","B19013.URL",357,"N","34218820",NA,NA,2019.3,"THA","EA","CO","WL","P-lyl","MW573876_2019.3_THA_EA_P-lyl","I.A","I.A.4"
"221","MW573877","MW573876","","Pteropus lylei","Thailand","Eastern Thailand","Chonburi","Wat Luang","Wat Luang","THA_WL_roost_1",13.50525,101.16525,27,4,2019,"","B19022.URL",357,"N","34218820",NA,NA,2019.3,"THA","EA","CO","WL","P-lyl","MW573877_2019.3_THA_EA_P-lyl","I.A","I.A.4"
"222","MW573878",NA,"x","Pteropus lylei","Thailand","Eastern Thailand","Chonburi","Wat Luang","Wat Luang","THA_WL_roost_1",13.50525,101.16525,31,5,2020,"x","B20013.GUL",357,"N","34218820",NA,NA,2020.4,"THA","EA","CO","WL","P-lyl","MW573878_2020.4_THA_EA_P-lyl","I.A","I.A.4"
"223","MW573879",NA,"","Pteropus lylei","Thailand","Eastern Thailand","Chonburi","Wat Luang","Wat Luang","THA_WL_roost_1",13.50525,101.16525,31,5,2020,"","B20030.GUL",357,"N","34218820",NA,NA,2020.4,"THA","EA","CO","WL","P-lyl","MW573879_2020.4_THA_EA_P-lyl","I.A","I.A.4"
"224","MW573880",NA,"","Pteropus lylei","Thailand","Eastern Thailand","Chonburi","Wat Luang","Wat Luang","THA_WL_roost_1",13.50525,101.16525,31,5,2020,"","B20044.GUL",357,"N","34218820",NA,NA,2020.4,"THA","EA","CO","WL","P-lyl","MW573880_2020.4_THA_EA_P-lyl","I.A","I.A.4"
"225","MK673558",NA,"","Sus scrofa","Malaysia","? ?","?","?",NA,NA,NA,NA,25,3,1999,"","808579",18234,"complete","34422315",NA,NA,1999.2,"MYS","??","??","??","Pig","MK673558_1999.2_MYS_??_Pig","II.A","II.A.1"
"226","MK673559",NA,"","Sus scrofa","Malaysia","? ?","?","?",NA,NA,NA,NA,25,3,1999,"","808581",18231,"complete","34422315",NA,NA,1999.2,"MYS","??","??","??","Pig","MK673559_1999.2_MYS_??_Pig","II.A","II.A.1"
"227","MK673560",NA,"","Sus scrofa","Malaysia","? ?","?","?",NA,NA,NA,NA,26,6,1999,"","808585",18231,"complete","34422315",NA,NA,1999.5,"MYS","??","??","??","Pig","MK673560_1999.5_MYS_??_Pig","II.A","II.A.1"
"228","MK673561","MK673560","","Sus scrofa","Malaysia","? ?","?","?",NA,NA,NA,NA,NA,NA,1999,"","808589",18231,"complete","34422315",NA,NA,1999.5,"MYS","??","??","??","Pig","MK673561_1999.5_MYS_??_Pig","II.A","II.A.1"
"229","MK673562",NA,"","Homo sapiens","Malaysia","? ?","?","?",NA,NA,NA,NA,NA,NA,1999,"","808651",18231,"complete","34422315",NA,NA,1999.5,"MYS","??","??","??","Human","MK673562_1999.5_MYS_??_Human","II.A","II.A.1"
"230","MK673563",NA,"","Dog","Malaysia","? ?","?","?",NA,NA,NA,NA,3,4,1999,"","808652",18231,"complete","34422315",NA,NA,1999.3,"MYS","??","??","??","Dog","MK673563_1999.3_MYS_??_Dog","II.A","II.A.1"
"231","MK673565",NA,"","Homo sapiens","Bangladesh","Dhaka","Dhaka","Rajbari","Doulatdia","",23.78158,89.76881,9,2,2004,"","810405",18235,"complete","34422315",NA,NA,2004.1,"BGD","DH","DH","RA","Human","MK673565_2004.1_BGD_DH_Human","I.A","I.A.7"
"232","MK673566",NA,"x","Homo sapiens","Bangladesh","Rajshahi","Rajshahi","Rajshahi","Rajshahi Medical College","",24.3733,88.6049,29,3,2004,"x","810428",18240,"complete","34422315",NA,NA,2004.2,"BGD","RJ","RJ","RJ","Human","MK673566_2004.2_BGD_RJ_Human","I.A","I.A.7"
"233","MK673567",NA,"x","Homo sapiens","Bangladesh","Dhaka","Dhaka","Faridpur","Faridpur Paurashava","",23.59867,89.83543,19,4,2004,"x","810482",18245,"complete","34422315",NA,NA,2004.3,"BGD","DH","DH","FA","Human","MK673567_2004.3_BGD_DH_Human","I.A","I.A.7"
"234","MK673568",NA,"","Homo sapiens","Bangladesh","Dhaka","Dhaka","Rajbari","Nababpur","",23.679517,89.52587,28,2,2008,"","811373",18237,"complete","34422315",NA,NA,2008.2,"BGD","DH","DH","RA","Human","MK673568_2008.2_BGD_DH_Human","I.A","I.A.7"
"235","MK673570",NA,"x","Homo sapiens","Bangladesh","Rangpur","Rangpur","Dinajpur","Targaon","",25.782507,88.554593,11,2,2011,"x","812001",18231,"complete","34422315",NA,NA,2011.1,"BGD","RN","RN","DI","Human","MK673570_2011.1_BGD_RN_Human","I.A","I.A.1"
"236","MK673571",NA,"x","Homo sapiens","Bangladesh","Rangpur","Rangpur","Lalmonirhat","Tangbhanga","",26.12449,89.15451,1,2,2011,"x","201200903",18240,"complete","34422315",NA,NA,2011.1,"BGD","RN","RN","LA","Human","MK673571_2011.1_BGD_RN_Human","I.A","I.A.7"
"237","MK673572",NA,"","Homo sapiens","Bangladesh","Rangpur","Rangpur","Lalmonirhat","Shingimari","",26.15311,89.14582,1,2,2011,"","201200905",18105,"complete","34422315",NA,NA,2011.1,"BGD","RN","RN","LA","Human","MK673572_2011.1_BGD_RN_Human","I.A","I.A.7"
"238","MK673573",NA,"","Homo sapiens","Bangladesh","Rangpur","Rangpur","Lalmonirhat","Shingimari","",26.15311,89.14582,2,2,2011,"","201200919",18236,"complete","34422315",NA,NA,2011.1,"BGD","RN","RN","LA","Human","MK673573_2011.1_BGD_RN_Human","I.A","I.A.7"
"239","MK673574",NA,"","Homo sapiens","Bangladesh","Rangpur","Rangpur","Lalmonirhat","Tangbhanga","",26.12449,89.15451,3,2,2011,"","201200920",18205,"complete","34422315",NA,NA,2011.1,"BGD","RN","RN","LA","Human","MK673574_2011.1_BGD_RN_Human","I.A","I.A.7"
"240","MK673575",NA,"","Homo sapiens","Bangladesh","Rangpur","Rangpur","Dinajpur","Targaon","",25.782507,88.554593,10,2,2011,"","201200938",18238,"complete","34422315",NA,NA,2011.1,"BGD","RN","RN","DI","Human","MK673575_2011.1_BGD_RN_Human","I.A","I.A.1"
"241","MK673576",NA,"x","Homo sapiens","Bangladesh","Dhaka","Dhaka","Faridpur","Ballabhdi","",23.35103,89.8431,1,1,2011,"x","201200973",18237,"complete","34422315",NA,NA,2011,"BGD","DH","DH","FA","Human","MK673576_2011_BGD_DH_Human","I.A","I.A.1"
"242","MK673577",NA,"","Homo sapiens","Bangladesh","Rangpur","Rangpur","Lalmonirhat","Tangbhanga","",26.12449,89.15451,2,2,2011,"","201206008",18219,"complete","34422315",NA,NA,2011.1,"BGD","RN","RN","LA","Human","MK673577_2011.1_BGD_RN_Human","I.A","I.A.7"
"243","MK673578",NA,"x","Homo sapiens","Bangladesh","Rangpur","Rangpur","Rangpur","Paurashava","",25.74664,89.25166,8,3,2011,"x","201206119",18235,"complete","34422315",NA,NA,2011.2,"BGD","RN","RN","RN","Human","MK673578_2011.2_BGD_RN_Human","I.A","I.A.1"
"244","MK673579",NA,"","Homo sapiens","Bangladesh","Rajshahi","Rajshahi","Joypurhat","Khetlal","",25.03761,89.10337,20,1,2012,"","201206312",18223,"complete","34422315",NA,NA,2012.1,"BGD","RJ","RJ","JO","Human","MK673579_2012.1_BGD_RJ_Human","I.A","I.A.2"
"245","MK673580",NA,"x","Homo sapiens","Bangladesh","Rajshahi","Rajshahi","Bogura","Shibganj","",25.04195,89.32204,20,1,2012,"x","201206313",18234,"complete","34422315",NA,NA,2012.1,"BGD","RJ","RJ","BO","Human","MK673580_2012.1_BGD_RJ_Human","I.A","I.A.2"
"246","MK673581",NA,"","Homo sapiens","Bangladesh","Rajshahi","Rajshahi","Joypurhat","Jamalpur","",25.05619,89.03583,21,1,2012,"","201206316",18235,"complete","34422315",NA,NA,2012.1,"BGD","RJ","RJ","JO","Human","MK673581_2012.1_BGD_RJ_Human","I.A","I.A.2"
"247","MK673582",NA,"x","Homo sapiens","Bangladesh","Dhaka","Dhaka","Gopalganj","Moharajpur","",23.31149,89.93868,5,4,2012,"x","201206325",18237,"complete","34422315",NA,NA,2012.3,"BGD","DH","DH","GO","Human","MK673582_2012.3_BGD_DH_Human","I.A","I.A.1"
"248","MK673583",NA,"","Homo sapiens","Bangladesh","Rangpur","Rangpur","Nilphamari","Kushiram Belpukur","",25.83238,88.93523,22,1,2013,"","201302591",18197,"complete","34422315",NA,NA,2013.1,"BGD","RN","RN","NI","Human","MK673583_2013.1_BGD_RN_Human","I.A","I.A.1"
"249","MK673584",NA,"x","Homo sapiens","Bangladesh","Khulna","Khulna","Magura","Balidia","",23.397,89.55439,5,1,2015,"x","201601126",18229,"complete","34422315",NA,NA,2015,"BGD","KH","KH","MG","Human","MK673584_2015_BGD_KH_Human","I.A","I.A.7"
"250","MK673585","MK673586","x","Homo sapiens","Bangladesh","Dhaka","Dhaka","Madaripur","Dattapara","",23.36117,90.09897,18,3,2015,"x","201601136",18245,"complete","34422315",NA,NA,2015.2,"BGD","DH","DH","MA","Human","MK673585_2015.2_BGD_DH_Human","I.A","I.A.1"
"251","MK673586",NA,"","Homo sapiens","Bangladesh","Dhaka","Dhaka","Madaripur","Dattapara","",23.36117,90.09897,21,3,2015,"","201601138",18165,"complete","34422315",NA,NA,2015.2,"BGD","DH","DH","MA","Human","MK673586_2015.2_BGD_DH_Human","I.A","I.A.1"
"252","MK673587",NA,"x","Homo sapiens","Bangladesh","Rajshahi","Rajshahi","Naugaon","Paranpur","",24.80871,88.65404,19,1,2015,"x","201601144",18170,"complete","34422315",NA,NA,2015,"BGD","RJ","RJ","NAO","Human","MK673587_2015_BGD_RJ_Human","I.A","I.A.7"
"253","MK673588",NA,"","Homo sapiens","Bangladesh","Rajshahi","Rajshahi","Naugaon","Ghatnagar","",24.97742,88.56482,27,2,2015,"","201601161",18119,"complete","34422315",NA,NA,2015.2,"BGD","RJ","RJ","NAO","Human","MK673588_2015.2_BGD_RJ_Human","I.A","I.A.1"
"254","MK673589","MK673590","x","Homo sapiens","Bangladesh","Dhaka","Dhaka","Faridpur","Ballabhdi","",23.35103,89.8431,6,2,2014,"x","201601187",18215,"complete","34422315",NA,NA,2014.1,"BGD","DH","DH","FA","Human","MK673589_2014.1_BGD_DH_Human","I.A","I.A.7"
"255","MK673590",NA,"","Homo sapiens","Bangladesh","Dhaka","Dhaka","Faridpur","Ballabhdi","",23.35103,89.8431,7,2,2014,"","201601191",18208,"complete","34422315",NA,NA,2014.1,"BGD","DH","DH","FA","Human","MK673590_2014.1_BGD_DH_Human","I.A","I.A.7"
"256","MK673591",NA,"x","Homo sapiens","Bangladesh","Rajshahi","Rajshahi","Naugaon","Agradigun","",25.17808,88.7103,4,2,2014,"x","201601231",18157,"complete","34422315",NA,NA,2014.1,"BGD","RJ","RJ","NAO","Human","MK673591_2014.1_BGD_RJ_Human","I.A","I.A.1"
"257","MK673592",NA,"x","Homo sapiens","Bangladesh","Rangpur","Rangpur","Rangpur","Tampat","",25.69303,89.29075,20,1,2014,"x","201601241",18234,"complete","34422315",NA,NA,2014.1,"BGD","RN","RN","RN","Human","MK673592_2014.1_BGD_RN_Human","I.A","I.A.1"
